﻿[{"type":"Folder","path":"/source/micarpetasegura/","metahash":"YwmIonX03bDTR5NK/QemYoNz540AgHexQ6b4b+SDQgM=","metasize":192,"metablockhash":"YwmIonX03bDTR5NK/QemYoNz540AgHexQ6b4b+SDQgM="},{"type":"File","path":"/source/micarpetasegura/duplicati-20251016T122424Z.dlist.zip","hash":"vGGakSa4vipIlcXo1q/zZ5T8cLv0tyb7XrtnW/XSJYY=","size":598,"time":"20251016T122424Z","metahash":"vi5kXct1gwudiAU9epnNLRwcBKJNvd9gY4kSe3N1NVs=","metasize":193},{"type":"File","path":"/source/micarpetasegura/duplicati-bc07c2f9bb7bb4c3db80b1cc7b541fbef.dblock.zip","hash":"enYfc+J2ay1nu/oCeCiUb7fwtIxjjkYpSclU+vSws0w=","size":531,"time":"20251016T122424Z","metahash":"C1u0u2b9kMSpTgGpFB+cj8Ye1XdZ+XUzJJ8iblTojgQ=","metasize":193},{"type":"File","path":"/source/micarpetasegura/duplicati-i7da35c1bf49641d4a62b5d7bdce97e73.dindex.zip","hash":"n9a1Z+mLVpVXP9fCrpQyK4RIyIZvsd864V2TQpNtavI=","size":580,"time":"20251016T122424Z","metahash":"lsqnrxHCooDUqFiafzSp5Kiv5LdkegNeNc+0Uz7vtsQ=","metasize":193}]