﻿[{"type":"Folder","path":"/source/micarpetasegura/","metahash":"515sYVAN+lTd03skFtma8uicH2vPLqcKgZLbQniVrOM=","metasize":192,"metablockhash":"515sYVAN+lTd03skFtma8uicH2vPLqcKgZLbQniVrOM="},{"type":"File","path":"/source/micarpetasegura/duplicati-20251016T122424Z.dlist.zip","hash":"vGGakSa4vipIlcXo1q/zZ5T8cLv0tyb7XrtnW/XSJYY=","size":598,"time":"20251016T122424Z","metahash":"vi5kXct1gwudiAU9epnNLRwcBKJNvd9gY4kSe3N1NVs=","metasize":193},{"type":"File","path":"/source/micarpetasegura/duplicati-20251016T122426Z.dlist.zip","hash":"6AYB075OzSfgIxeX9PrKT3eOueKNRaSxyeCTu6gGDLc=","size":961,"time":"20251016T122427Z","metahash":"STwTTilWU1Ww0tPZrkRCJnBO/Qw1chMIhTXTxl4MWEk=","metasize":193},{"type":"File","path":"/source/micarpetasegura/duplicati-20251016T122427Z.dlist.zip","hash":"f42bdRI4ivtZuHX1vdwV5ZyVQoYVIVINktk3h3H0/Cs=","size":1258,"time":"20251016T122428Z","metahash":"17rcc9GxQZu+gl7FDICjYpGtLhYmmi4Ee0Hdl8SiOMU=","metasize":193},{"type":"File","path":"/source/micarpetasegura/duplicati-b546ba3200d054449a911e908e8104605.dblock.zip","hash":"XyUTsP1ntJaAdYhr24XXZ21DSCCtsVv2JsyQgj/CHGM=","size":3472,"time":"20251016T122426Z","metahash":"ixb297NhrEwAwAL9fSEv1Z8+d9CJ9P79ImXB1JnN09I=","metasize":193},{"type":"File","path":"/source/micarpetasegura/duplicati-b735054098b80495d912f19c1bd800d5a.dblock.zip","hash":"/zwp69QWzQpXFYs0nVo1jX+xJQy/0gnoSn2rMjDAGO4=","size":6993,"time":"20251016T122428Z","metahash":"DAOHqxHgXLhBzAc7QpdTpbw5kvPh9NCk7yyhZ64atuo=","metasize":193},{"type":"File","path":"/source/micarpetasegura/duplicati-bc07c2f9bb7bb4c3db80b1cc7b541fbef.dblock.zip","hash":"enYfc+J2ay1nu/oCeCiUb7fwtIxjjkYpSclU+vSws0w=","size":531,"time":"20251016T122424Z","metahash":"C1u0u2b9kMSpTgGpFB+cj8Ye1XdZ+XUzJJ8iblTojgQ=","metasize":193},{"type":"File","path":"/source/micarpetasegura/duplicati-i10e554ec88734848b1029d455ab59ad5.dindex.zip","hash":"xSGlWWx7nQBR6ZQFHgabh8NzWFjB/pOegNt+Fe2DsWg=","size":818,"time":"20251016T122426Z","metahash":"NoYd80qSRyi3jXyRbXsXCUV9EW1O5za80jReoFqP+tU=","metasize":193},{"type":"File","path":"/source/micarpetasegura/duplicati-i46c18e0e958d47dbb7fc04dce5ccaa0f.dindex.zip","hash":"Xt9D5KSqskebUotaYc5sTxiyquKTj/WeNL2LLTp/Vaw=","size":822,"time":"20251016T122428Z","metahash":"wisqfcD+pFwW3bsqFgV2lMNhBWpU5JnGdpTMtI0qE5U=","metasize":193},{"type":"File","path":"/source/micarpetasegura/duplicati-i7da35c1bf49641d4a62b5d7bdce97e73.dindex.zip","hash":"n9a1Z+mLVpVXP9fCrpQyK4RIyIZvsd864V2TQpNtavI=","size":580,"time":"20251016T122424Z","metahash":"lsqnrxHCooDUqFiafzSp5Kiv5LdkegNeNc+0Uz7vtsQ=","metasize":193}]